id,SMILES,Tg,FFV,Tc,Density,Rg
10142210.0,*NC(C)C(=O)NCC(=O)NCC(*)=O,208.6397491,,,,
13838538.0,*CCCCCCSSCCCCSS*,-41.26672381,,0.192,,
16498242.0,*C=CCCCCCCCC*,-17.2820223,,,,
30582999.0,*CCCCCCCCCCOC(=O)c1ccc(C(=O)NCCNC(=O)c2ccc(C(=O)O*)cc2)cc1,4.250402609,,,,
36217683.0,*c1nc2cc3sc(-c4cc(OCCCCCC)c(*)cc4OCCCCCC)nc3cc2s1,168.5263131,,,,
41684723.0,*Oc1ccc(-c2cc(OCCCCCC)c(-c3ccc(OC(=O)c4ccc(C(*)=O)cc4)cc3)cc2OCCCCCC)cc1,81.55306128,,,,
42779237.0,*c1cccc(OCCCCCCCCCCCOC(=O)CCCCC(=O)OCCCCCCCCCCCOc2cccc(-c3nnc(*)s3)c2)c1,35.51374296,,,,
48005195.0,*C=Nc1cccc(N=Cc2ccc(Sc3ccc(*)o3)o2)c1,122.5813993,,,,
49737348.0,*c1ccc2c(c1)c1cc(*)ccc1n2CC,206.6525359,,,,
52181246.0,*=C=C=C(COS(=O)(=O)c1ccc(OC)cc1)C(=*)COS(=O)(=O)c1ccc(OC)cc1,55.30555285,,,,
53248904.0,*CCCCCCCCCCn1c(=O)c2cc3c(=O)n(*)c(=O)c3c(Br)c2c1=O,137.1087261,,,,
63969847.0,*CCCCCc1nc2cc3sc(*)nc3cc2s1,87.36313445,,,,
64606581.0,*CC1CCC(*)C1,42.35931484,,0.3353333333333333,0.892956655,21.77794424
68581387.0,*CCCCc1nc(-c2ccc(-c3csc(*)n3)cc2)cs1,110.5188915,,,,
70273581.0,*Oc1ccc(OC(=O)c2ccc(C(*)=O)cc2)cc1-c1ccccc1,65.88587862,,,,
71102106.0,*/C=C/c1ccc(*)cc1,43.3930774,,,1.006135387,25.25187791
75443529.0,*CCCCCCCOc1ccc(C=C(C)c2ccc(O*)cc2)cc1,36.76976951,,,,
77456502.0,*c1ccc(-c2nc3cc(S(=O)(=O)c4ccc5nc(-c6ccccc6)c(-c6ccc(N7C(=O)C8OC9C(=O)N(*)C(=O)C9C8C7=O)cc6)nc5c4)ccc3nc2-c2ccccc2)cc1,373.476202,,,,
79415769.0,*CCOC(=O)N(C)c1ccc(C)c(N(C)C(=O)O*)c1,42.46691504,,,,
81531670.0,*CCCC1CCN(SC(=O)OCCCCOC(=O)SN2CCC(*)CC2)CC1,-6.032415023,,,,
89077090.0,*Cc1ccc(CN(CC)C(=O)CCCCCCCCCCCCCCCCC(=O)N(*)CC)cc1,4.279694171,,,,
112351140.0,*CCC(F)(F)C(*)(F)Cl,-41.84388225,,,,
112553722.0,*Nc1ccc(CC(*)=O)cc1,63.68828699,,,,
119301714.0,*CCNC(=O)CCCCCCCC(=O)NCCNC(=O)C(=O)N*,112.5256843,,,,
124053674.0,*Nc1c(Cl)cc(*)cc1Cl,-0.214281278,,,,
131992742.0,*c1cc(-c2ccccc2)c(*)[nH]1,120.4503456,,,,
133986624.0,*C#Cc1ccc(*)c(SCCCCCCCCCCCC)c1,53.41644401,,,,
150383443.0,*CCOCCOCCOC(=O)CCC(=O)O*,14.21396213,,,,
152467749.0,*c1cccc(Oc2ccc(S(=O)(=O)c3ccc(Oc4cccc(N5C(=O)c6ccc(Oc7ccc8c(c7)C(=O)N(*)C8=O)cc6C5=O)c4)cc3)cc2)c1,199.6619548,,,,
155951033.0,*CCOC(=O)c1ccc(CCc2ccc(C(=O)O*)cc2)cc1,53.2795594,,,,
175456331.0,*C(=O)CCN1CCN(CCC(=O)N2CCN(*)CC2)CC1,40.58060093,,,,
175513548.0,*CCCCCCCCCCOC(=O)CCC(=O)O*,1.783806133,,0.285,,
177977769.0,*Oc1ccc2nc3c(nc2c1)Sc1cc(-c2ccc4c(c2)Sc2nc5cc(*)ccc5nc2N4)ccc1N3,383.4,,,,
180651708.0,*CCCCCCSC(=O)CCCCCCCCC(=O)S*,-39.13613776,,,,
184043122.0,*[Si](*)(CCCCCC)CCCCCC,-11.37918107,,,,
190194752.0,*CCCCCCCCc1nnc(*)n1N,-41.92176029,,,,
196264517.0,*CCCCCCNC(=O)CCP(CCC(=O)N*)c1ccccc1,9.575432391,,,,
201251785.0,*C(=O)N1C(=O)N(C(=O)c2ccc3c(c2)C(=O)N(c2ccc(Oc4ccc(N5C(=O)c6ccc(*)cc6C5=O)cc4)cc2)C3=O)C2(CCCCC2)C1=O,277.0792131,,,,
207198573.0,*C(*)C(=O)OC(C)(C)CC,136.5678336,,,,
210803302.0,*NC(C(*)=O)C(C)C,153.0278775,,,,
215274198.0,*C#CC#Cc1ccc(*)s1,49.13696662,,,,
218059466.0,*/C(=C(/*)c1ccccc1)c1ccccc1,206.5698859,,,,
218350404.0,*CCCCCCCCCOC(=O)CCCCCCCC(=O)O*,3.667443154,,0.294,0.941870155,20.56975581
219039564.0,*c1ccc2c(c1)SC1=Nc3cc(-c4ccc5c(c4)N=C4Sc6cc(*)ccc6N=C4N5)ccc3NC1=N2,418.69,,0.506,1.086875784,27.5268485
223791997.0,*C(C)C=CC(C)S(*)(=O)=O,33.82674704,,,,
233996434.0,*C(=O)N1C(=O)N(C(=O)c2ccc3c(c2)C(=O)N(c2ccc(S(=O)(=O)c4ccc(N5C(=O)c6ccc(*)cc6C5=O)cc4)cc2)C3=O)C(C)(CC)C1=O,242.6534046,,,,
234483624.0,*C1CC(*)OC(O)O1,136.0523749,,,,
234538951.0,*=Nc1cccc(Oc2cccc(Oc3cccc(N=C4OC(=O)c5cc6c(cc54)C(=*)OC6=O)c3)c2)c1,132.5253262,,,,
236163730.0,*C(=O)N1C(=O)N(C(=O)c2ccc3c(c2)C(=O)N(c2ccc(Oc4ccc(N5C(=O)c6ccc(*)cc6C5=O)cc4)cc2)C3=O)C(C)=C(C(=O)OCC)C1c1ccc(Cl)cc1,170.3261787,,,,
238223157.0,*C(=O)N(*)c1ccccc1,150.7130657,,,,
240232361.0,*N=Cc1ccc(-c2ccc(C=Nc3ccc4c(c3)c3cc(*)ccc3n4CCCCCC)s2)s1,95.07860424,,,,
243853291.0,*c1ccc(C(=O)OCCCCCCOC(=O)c2ccc(N3C(=O)CC(SCCOCCSC4CC(=O)N(*)C4=O)C3=O)cc2)cc1,19.42674542,,,,
245779778.0,*C(=O)C(*)(C)C,105.8292511,,,0.919975664,25.84971423
257850952.0,*Oc1ccc(C(C)=Cc2ccc(OC(=O)OCCCCCOC(*)=O)cc2)cc1,39.38257392,,,,
265038627.0,*CCCCCCOCCCCCCOCCCCCO*,-72.01996519,,,,
267049794.0,*CC(F)(F)C(F)(F)C(F)(F)C(F)(F)COC(=O)CCCC(=O)O*,-64.11657159,,,,
267912832.0,*CCCCCCCCCCCCn1c(=O)c2cc3c(=O)n(*)c(=O)c3cc2c1=O,73.37639604,,,,
270662526.0,*c1ccc(Sc2ccc(-c3nc(-c4cccc(-c5nnc(-c6ccccc6)c(*)n5)n4)nnc3-c3ccccc3)cc2)cc1,419.5781202,,,,
274614510.0,*OC(CC(*)=O)C(C)C,-24.82439314,,,,
284595179.0,*CCOC(=O)NCCSCCCCSCCNC(=O)O*,26.25521298,,,,
286520814.0,*CC1CC1CO*,-28.98581149,,,,
286659449.0,*CC(*)(C)C(=O)OC(C)Oc1ccccc1,31.196908,,,,
286907970.0,*c1ccc([Si](*)(OCC)OCC)cc1,7.02246836,,,,
287416791.0,*c1ccc(S(=O)(=O)NCCNS(*)(=O)=O)cc1,7.54081281,,,,
289478370.0,*Oc1cccc(C(=O)Nc2ccc(Oc3ccc(NC(=O)c4cccc(Oc5nc(*)nc(Sc6ccccc6)n5)c4)cc3)cc2)c1,184.9515774,,,,
289972048.0,*=Cc1ccc(C=C2SC(=S)N(c3ccc(N4C(=O)C(=*)SC4=S)cc3)C2=O)cc1,187.1036635,,,,
293023790.0,*C=Cc1cc(OCCCCCCOc2ccc(C3CCC(CCCCC)CC3)cc2)c(*)cc1OCCCCCCOc1ccc(C2CCC(CCCCC)CC2)cc1,36.67582945,,,,
295343824.0,*C(=O)c1ccc(C(=O)N(CCC)c2ccc(Cc3ccc(N(*)CCC)c(C)c3)cc2C)cc1,179.9023847,,,,
296780712.0,*CCCOCCOCCOC(=O)Nc1ccc(C)c(NC(=O)O*)c1,-26.75831261,,,,
299349220.0,*NC(C)C(=O)NCC(*)=O,19.96697332,,,,
308745808.0,*CC1CCC(COC(=O)NCCSCCCCCSCCNC(=O)O*)CC1,77.84678315,,,,
313907766.0,*CCCCCCCCc1nc2cc(-c3ccc4oc(*)nc4c3)ccc2o1,61.93714913,,,,
314916411.0,*Nc1ccc(NC(=O)c2cc(C(=O)O)c(C(*)=O)cc2C(=O)O)cc1,240.3936293,,,,
321955140.0,*NC(CC(*)=O)C(=O)OCCCCCC,0.713924343,,,,
327552819.0,*CC(*)(C)C(=O)OCCCCCCCCCCOc1ccc(N2C(=O)C(=Cc3c(C)c4ccccc4n3C)C(=C(C)C)C2=O)cc1,-17.96880959,,,,
330131913.0,*CCCCOC(=O)SSC(=O)O*,-58.94578339,,,,
351687879.0,*CC(*)(C)C(=O)OCCCCCCOc1ccc(C=Nc2ccc(CCCC)cc2)cc1,12.41121342,,,,
364021169.0,*=C=C=C(COS(=O)(=O)c1ccc(C)cc1)C(=*)COS(=O)(=O)c1ccc(C)cc1,76.80290526,,,,
368592179.0,*Nc1ccc(C(*)=O)cc1,92.05287264,,,,
368595823.0,*C(=O)NCCCCCCCCCCNC(=O)c1cncc(*)c1,85.60365033,,,,
369610662.0,*SCC(=O)NN=Cc1ccc(OCCCCOc2ccc(C=NNC(=O)CSc3nnc(*)s3)cc2)cc1,39.79677892,,,,
379965710.0,*Cc1c(C)c(C)c(CSC(=O)c2ccc(C(=O)S*)cc2)c(C)c1C,127.8963011,,,,
380596855.0,*CCCCCCCCCCOC(=O)CCCCSCCCCC(=O)O*,-22.30064955,,0.27,,
383339614.0,*OC(=O)c1ccccc1NC(=O)c1ccc(C(=O)Nc2ccccc2C(=O)OC(=O)c2cccc(C(*)=O)c2)cc1,185.0999075,,,,
384803806.0,*C(=O)SSCCCCSSC(=O)N1CCN(*)CC1,-3.571974592,,,,
391108347.0,*Oc1ccc(OC(=O)c2ccc(OC(=O)CCCCCCC(*)=O)cc2)cc1,72.32081554,,,,
392174026.0,*CCOCCOC(=O)c1ccc(-n2on2-c2ccc(C(=O)O*)cc2)cc1,15.34426557,,,,
392422616.0,*Cc1ccc(OCCOc2ccc(*)c3cccnc23)c2ncccc12,74.04018308,,,,
393047512.0,*Oc1ccc(-c2ccc(OC(=O)c3cc(C(=O)OCCCCCC)c(C(*)=O)cc3C(=O)OCCCCCC)cc2)cc1,77.13970172,,,,
393692859.0,*C=C(*)CNS(=O)(=O)CC,44.748248,,,,
402492102.0,*CCCCCOc1ccc(CCCNC(=O)CCCCC(=O)NCCCc2ccc(O*)cc2)cc1,28.2211431,,,,
403135402.0,*CC(*)(C)C(=O)OCCCCCCCCOC(=O)OC1CCC2(C)C(=CCC3C2CCC2(C)C(C(C)CCCC(C)C)CCC32)C1,47.48888608,,,,
404993408.0,*c1ccc(C(=O)Nc2ccc(Oc3ccc(Oc4ccc(NC(=O)c5ccc(N6C(=O)c7ccc(-c8cccc9c8C(=O)N(*)C9=O)cc7C6=O)cc5)cc4)cc3)cc2)cc1,178.6163373,,,,
407061099.0,*Nc1cccc(C#Cc2cccc(NC(=O)c3ccc(C(*)=O)cc3C(=O)O)c2)c1,187.6187871,,,,
407820973.0,*=C=C=C(CO)C(=*)CO,42.01413885,,,,
427458054.0,*C=C(*)C,4.023221393,,,,
429074783.0,*CC(*)C(=O)OCCOC(F)(C(F)(F)F)C(F)(F)F,-51.63721715,,,,
434463983.0,*CNC(=O)CCCCCCCCC(=O)N*,66.76854223,,,,
440221059.0,*c1cc(COCCCCCCOc2ccc(-c3ccc(C#N)cc3)cc2)c(*)s1,59.88076613,,,,
440284269.0,*CCCCCC(=O)NCCc1ccc(CCNC(=O)CCCCCS*)cc1,-18.01175462,,,,
441045416.0,*NNC(=O)CCCCCCCCC(=O)NNC(=S)c1cccc(C(*)=S)c1,32.4414411,,,,
441800426.0,*CCCCCC(=O)Oc1ccc2cc(OC(=O)CCCCCn3c(=O)c4cc5c(=O)n(*)c(=O)c5cc4c3=O)ccc2c1,-10.30414379,,,,
447646076.0,*Oc1c(Br)cc(C(C)(CCC(=O)O)c2cc(Br)c(OC(=O)c3cccc(C(*)=O)c3)c(Br)c2)cc1Br,175.2273279,,,,
447692460.0,*C=Cc1cc(C=Cc2ccc(OCCC(C)CCCC(C)C)cc2)c(*)cc1C=Cc1ccc(OCCC(C)CCCC(C)C)cc1,2.868925186,,,,
454723677.0,*Oc1ccc(C(=O)Oc2ccc(Cc3ccc(OC(=O)c4ccc(OC(=O)c5ccc(C(*)=O)cc5)cc4)cc3)cc2)cc1,88.16409459,,,,
454925520.0,*Oc1ccc(-c2ccc(OC(=O)c3ccc(OC(=O)c4ccc(C(=O)Oc5ccc(C(*)=O)cc5)cc4)cc3)cc2)cc1,213.4133554,,,,
455581331.0,*c1cc(OCCCCCCCCCC)c(*)cc1OCCCCCCCCCC,5.423112055,,0.256,,
455760856.0,*c1ccc(OCCCCCCCCCOc2ccc(N3C(=O)c4ccc(-c5cccc6c5C(=O)N(*)C6=O)cc4C3=O)cc2)cc1,47.98864595,,,,
457518738.0,*CCN(CCCC(=O)Nc1ccc(N=Nc2ccccc2)cc1)CCOC(=O)Nc1ccc(Cc2ccc(NC(=O)O*)cc2)cc1,-32.25789051,,,,
462771322.0,*Nc1ccc(Cc2ccc(NC(=O)c3cc(NC(=O)C(CC(C)C)N4C(=O)c5ccccc5C4=O)cc(C(*)=O)c3)cc2)cc1,36.87047274,,,,
471856670.0,*C=C(*)c1cc(C(F)(F)F)sc1C(F)(F)F,54.57900551,,,,
476733840.0,*CCCCCCOC(=O)C1CC(=O)C(C(=O)O*)CC1=O,-36.66445232,,,,
478096853.0,*CC(=O)OCCCCCCOC(=O)Cn1c(=O)c2cc3c(=O)n(*)c(=O)c3cc2c1=O,55.49864746,,,,
483787501.0,*C(=O)c1ccc(N=Nc2ccc(C(=O)N3C(=O)N(*)C(C)(C)C3=O)cc2)cc1,302.3547996,,,,
484741548.0,*CC(c1ccccc1)C1C(=O)N(c2ccc(Cl)cc2)C(=O)C1*,168.825845,,,,
488617798.0,*c1ccc(NC(=O)c2ccc(C(=O)Nc3ccc(-c4nc5ccc(-c6ccc7nc(*)[nH]c7c6)cc5[nH]4)cc3)cc2)cc1,358.667269,,,,
505042674.0,*CC(OC(C)=O)C1C(=O)N(c2ccccc2)C(=O)C1*,157.3759721,,,,
506576027.0,*CCCCCCN(C)C(=O)CCCCCCCCCCCCCCCCC(=O)N(*)C,49.34222836,,0.3525,0.898624404,19.92649972
506857730.0,*C1C(=O)N(c2ccc(COC(C)(C)C)cc2)C(=O)C1*,122.5873684,,,,
509241405.0,*CCCCCCN1C(=O)C(=Cc2ccc(C=C3SC(=S)N(*)C3=O)cc2)SC1=S,35.37444876,,,,
509577164.0,*CC(*)(C)C(=O)Oc1ccc(C)cc1,126.1154692,,0.1545,0.951958497,12.66351417
510815019.0,*CC(C)(C)COC(=O)NCCCCCCNC(=O)O*,47.60248847,,,,
513101692.0,*c1ccc(-c2ccc(-c3ccc(*)n3C)n2C)cn1,256.5965094,,,,
528293396.0,*CCCCCCCCCCNC(=O)C(CCCCCCCCCCCC)C(=O)N*,-0.868265132,,0.35,0.888311048,16.27222852
528781081.0,*CC(*)(C)C(=O)OCCNC(=O)N(CCCCCC)CC(O)C(O)C(OC1OC(CO)C(O)C(O)C1O)C(O)CO,23.2402228,,,,
531044594.0,*C(C)C(*)O,113.5665564,,,,
535364463.0,*Oc1ccc(S(=O)(=O)c2ccc(Oc3ccc(C(=O)NNC(=O)c4ccc(NC(=O)c5ccc(*)cc5)c(O)c4)cc3)cc2)cc1,111.457133,,,,
541941802.0,*CCCCCC(=O)NCCNC(=O)CCCCCOC(=O)c1ccc(C(=O)O*)cc1,81.65245915,,,,
545546596.0,*C=Cc1ccc(*)n1CCCCCC,-15.03969582,,,,
548292823.0,*NNC(=O)c1cccc(C(*)=O)c1,232.2266265,,,,
551862261.0,*CCCCCCOC(=O)Nc1cc(NC(=O)OCCCCOC(=O)Nc2ccc(C)c(NC(=O)OCCCCCCOc3ccc(-c4ccc(O*)cc4)cc3)c2)ccc1C,41.49405569,,,,
552340314.0,*Nc1cccc(NC(=O)CCCCCC(*)=O)c1,-12.07623639,,,,
552823663.0,*CC(*)(CC(=O)OCCCCCCCCCC)C(=O)OCCCCCCCCCC,75.04044311,,,,
573587884.0,*NNC(=O)CCCCC(=O)NNC(=O)CCCCCCCC(*)=O,101.0022623,,,,
576198194.0,*CC(*)C(CC)CC,38.96888215,,0.1883333333333333,,
578229955.0,*C(=O)NCCCCCCNC(=O)c1ccc(*)s1,42.90894132,,,,
583338677.0,*CC(*)(CO)C(=O)OCC,22.36004964,,,,
590474607.0,*Nc1ccccc1CCc1ccccc1NC(*)=O,207.655323,,,,
593164560.0,*Cc1ccc(-c2ccc(CSC(=O)CCCCC(=O)S*)cc2)cc1,-14.32353196,,,,
608511939.0,*=Cc1ccc(C(=O)CCCCC(=O)c2ccc(C=C3CN(C)CC(=*)C3=O)o2)o1,95.14114513,,,,
616177559.0,*Sc1ccc(*)cc1,64.586946,,,1.231097312,21.1652389
623331916.0,*CCCCCCOC(=O)C(CCCCCCOc1ccc(-c2ccc(OCc3ccc([N+](=O)[O-])cc3)cc2)cc1)C(=O)O*,17.95743357,,,,
634363683.0,*c1ccc2[nH]c3ccc(*)cc3c2c1,246.5898577,,,,
640431640.0,*OS(=O)(=O)c1ccc(-c2ccc(S(=O)(=O)Oc3c(Br)cc(C4(c5cc(Br)c(*)c(Br)c5)CCCCC4)cc3Br)cc2)cc1,268.4647521,,,,
645076897.0,*NC(=O)c1cc(C(=O)Nc2nc(*)nc(-c3ccccc3)n2)c(C(=O)OC(=O)Nc2cc(NC(=O)OCCCCCCCC)ccc2C)cc1C(=O)O,-1.691479041,,,,
645691711.0,*CCCCCCCCCCOC(=O)c1ccc(C(=O)NCCCNC(=O)c2ccc(C(=O)O*)cc2)cc1,76.72929425,,,,
663317313.0,*c1sc(*)c(OCCCCCCC)c1C,32.04437108,,,,
666970760.0,*C(=O)Nc1ccc(NC(=O)c2ccc3[nH]c(-c4cccc(-c5nc6cc(*)ccc6[nH]5)c4)nc3c2)cc1,309.3374253,,,,
676741869.0,*c1cccc(-c2nc3cc(-c4ccc5c(c4)nc(*)n5CCCS(=O)(=O)O)ccc3n2CCCS(=O)(=O)O)c1,208.6363648,,,,
681607778.0,*CCN(CCOC(=O)NCCCCCCNC(=O)O*)c1ccc(N=Nc2ccc(C)cc2)cc1,24.09354398,,,,
682136136.0,*CC1(CO*)CC2CCC1CC2,81.08225465,,,,
691290005.0,*C(c1ccccc1)C(*)[N+](=O)[O-],173.9913454,,,,
691340990.0,*c1ccc(-c2nc3cc4nc(*)[nH]c4cc3[nH]2)cc1,340.5865983,,,,
692373242.0,*Oc1ccc(OC(=O)c2ccc(C(*)=O)cc2)cc1Cl,119.6241841,,,,
695348815.0,*/C=C/c1cc(CCCCCC)c(/C=C/c2ccc(*)cc2)cc1CCCCCC,51.04706134,,,,
709226489.0,*c1cc2sc(-c3sc(-c4cc(CCCCCCCCCCBr)c(*)s4)cc3CCCCCCCCCCBr)cc2s1,24.95900908,,,,
717229286.0,*N=P(*)(OCCC(=O)C=C)OCCC(=O)C=C,-42.12432011,,,,
722303181.0,*C=Nc1ccc(N=Cc2ccc(Sc3ccc(*)o3)o2)cc1,95.64631957,,,,
723086841.0,*C(=O)c1ccc(C(=O)N(C)c2ccc(Cc3ccc(N(*)C)c(C)c3)cc2C)cc1,167.9642319,,,,
723637794.0,*OS(=O)(=O)c1ccc(Oc2ccc(S(=O)(=O)Oc3ccc(-c4ccc(*)cc4)cc3)cc2)cc1,190.021745,,,,
730567526.0,*c1ccc([Si](*)(C)c2ccc(CN(C)C)cc2)cc1,12.90627629,,,,
731417662.0,*CCCCCCCCCCC1CC(CCC2CC(*)OC2=O)C(=O)O1,84.1573412,,,,
737341727.0,*CC(*)n1c2ccc(Br)cc2c2cc(Br)ccc21,115.6170166,,,,
742571113.0,*c1cc(*)c(O)c(C=Nc2ccc(F)cc2)c1,-121.5212841,,,,
746817611.0,*CCOC(=O)Nc1ccc(NC(=O)O*)cc1,134.2908917,,,,
749003022.0,*Sc1ccc(-c2ccc(SC(=O)CCCCC(*)=O)cc2)cc1,13.2621556,,,,
752379788.0,*C1=NC2=CC(*)C=CC2=C1,103.156476,,,,
754272312.0,*CC(c1ccccc1)C1C(=O)N(CCCCCCCC)C(=O)C1*,105.6965321,,,,
754541700.0,*O[Si](*)(C)CCCCCOc1ccc(OC(=O)c2ccc(OCCCC)cc2)cc1,-64.12566312,,,,
762944097.0,*Oc1ccc(S(=O)(=O)c2ccc(Oc3c(C)cc(C4CCC(C(C)(C)c5cc(C)c(*)c(C)c5)CC4C)cc3C)cc2)cc1,250.477212,,,,
765731942.0,*CCNC(=O)CCP(C)(=O)CCC(=O)N*,143.8466204,,,,
768467775.0,*Oc1ccc(Oc2ccc(Oc3cccc(*)n3)cc2)cc1,-19.11943844,,,,
776515253.0,*C(=O)N(*)CCCCCC,14.34014558,,,,
778024152.0,*C(=O)Nc1ccc(S(=O)(=O)c2ccc(NC(=O)c3ccc4c(c3)C(=O)N(c3ccc(OCCCOc5ccc(N6C(=O)c7ccc(*)cc7C6=O)cc5)cc3)C4=O)cc2)cc1,163.1829015,,,,
779018837.0,*C=C(*)c1cc(CO)c(OCc2ccc(CNC(C)COCCCCCCCC)cc2)c(CO)c1,65.78481038,,,,
783150586.0,*/C=C(\C#N)C(=O)Nc1cccc(NC(=O)/C(C#N)=C/c2ccc(/C=C/c3ccc(N(c4ccccc4)c4ccc(N(c5ccccc5)c5ccc(/C=C/c6ccc(*)s6)cc5)cc4)cc3)s2)c1,243.9892983,,,,
787518160.0,*CCC(=O)OCCCC=CCCCOC(=O)CCC1NC(=O)C(*)NC1=O,25.37727633,,,,
790707240.0,*Nc1ccc(CCc2ccc(NC(=O)c3ccc(C(*)=O)cc3)cc2)cc1,245.2414672,,,,
791544306.0,*c1ccc(-c2cc(OCCCCCCCCCC)c(*)cc2OCCCCCCCCCC)cc1,61.07976291,,,,
792850218.0,*CCCCS(*)(=O)=O,-14.41108992,,,,
799217349.0,*C(F)(F)C(F)(F)C(F)(F)C(*)(F)C(F)(F)F,-86.88823628,,,,
812618019.0,*C(*)C,122.3867673,,0.2033333333333333,,
817179455.0,*CCN(*)C(=O)CCCCCCCC,-49.55374382,,,,
817764960.0,*Oc1ccc(Oc2ccc(Oc3ccc(OC(=O)c4ccc(C(*)=O)cc4)cc3)cc2)cc1,136.3718208,,,,
819286039.0,*c1ccc2nc3c4cccc5c6nc7ccc(*)cc7nc6c6cccc(c3nc2c1)c6c45,411.97,,,,
820510299.0,*Nc1ccc(NC(=S)NC(=O)c2ccc(C(=O)NC(*)=S)cc2)cc1,220.8197438,,,,
821229257.0,*Oc1ccc(OC(=O)CCCCCCCC(*)=O)cc1,-6.058372606,,,,
822072702.0,*C(=O)Oc1ccc(OC(=O)c2ccc3c(c2)C(=O)N(c2ccc(N4C(=O)c5ccc(*)cc5C4=O)cc2)C3=O)cc1,-71.68107141,,,,
822972602.0,*NNC(=O)CCC(=O)NNC(=O)CCCCCCCCC(*)=O,64.69850401,,,,
826258963.0,*C=CC1CC(*)C(C(=O)OCCCCCOc2ccc(-c3ccc(C#N)cc3)cc2)C1C(=O)OCCCCCOc1ccc(-c2ccc(C#N)cc2)cc1,27.68661296,,,,
832174357.0,*CCCCCCCCCCCCCCCCCCCCOC(=O)c1ccc(C(=O)O*)cc1,17.27783213,,,,
834642680.0,*c1ccc(-c2ccc(S(=O)(=O)NCCNS(*)(=O)=O)cc2)cc1,173.2454244,,,,
841072650.0,*c1ccc(N(*)CCCCCCC)cc1,110.7170963,,,,
847044135.0,*CC(*)C(=O)N(O)c1ccccc1,141.1832818,,,,
852138859.0,*CCCCCCCCCCCCN1C(=O)c2ccc3c4c(ccc(c24)C1=O)C(=O)N(*)C3=O,101.4116865,,,,
859644583.0,*CCCCCCCCCCCCCCOC(=O)C/C=C/CC(=O)O*,-41.10158883,,,,
865948061.0,*c1ccc(-c2ccc(-c3ccc(-n4c(=O)c5cc6c(=O)n(*)c(=O)c6cc5c4=O)cc3)cc2)cc1,278.5221779,,,,
866951127.0,*CC(*)CCCC(C)C,5.980301023,,0.2573333333333333,,
867714785.0,*C(C)=C(*)[Si](C)(C)CCCC,152.5242236,,,,
873453731.0,*C(=O)Oc1ccc(C(C)(C)c2ccc(OC(=O)c3ccc4c(c3)c3cc(*)ccc3n4C)cc2)cc1,73.83261176,,,,
875480288.0,*CCCC1CCN(C(=O)c2ccc(C(=O)C3CCN(*)CC3)c(Oc3ccccc3)c2)CC1,131.1821319,,,,
875491202.0,*c1ccc(NC(=O)c2ccc(C(=O)Nc3ccc(C4(*)OC(=O)c5ccccc54)cc3)cc2)cc1,292.5925873,,,,
876238099.0,*c1ccc(N(*)CCCCCC)cc1,-128.6299242,,,,
881173814.0,*C1C(=O)N(c2ccccc2)C(=O)C1*,197.1821336,,0.143,1.03911953,14.56697254
892241258.0,*Nc1cc(C(=O)O)c(*)cc1OC,93.18891585,,,,
897919146.0,*CCCCCCCCCCOC(=O)c1ccc(C(=O)NCCCCCCNC(=O)c2ccc(C(=O)O*)cc2)cc1,-20.66610996,,,,
903930104.0,*c1ccc(OCCCCCCCCCCCOC(=O)CCCCC(=O)OCCCCCCCCCCCOc2ccc3nc(*)sc3c2)cc1,-17.21827415,,,,
913768396.0,*Oc1ccc(C(=O)OCCOCCOCCOC(=O)c2ccc(OC(=O)Nc3cc(NC(*)=O)ccc3C)cc2)cc1,100.4455143,,,,
918157319.0,*c1c(C)c(N2C(=O)c3ccc(Oc4ccc5c(c4)C(=O)N(*)C5=O)cc3C2=O)c(C)c2c1C(C)(C)CC2,325.2939228,,,,
918773447.0,*c1ccc(-c2ccc(N3C(=O)c4cc5c(cc4C3=O)C(C(F)(F)F)(C(F)(F)F)c3cc4c(cc3O5)C(=O)N(*)C4=O)cc2C(F)(F)F)c(C(F)(F)F)c1,472.25,,,,
925163617.0,*C(=O)c1cc(C(=O)c2ccc3[nH]c4ccc(*)cc4c3c2)c(C(=O)O)cc1C(=O)O,106.1795053,,,,
926851553.0,*Cc1c(C)c(C)c(CSC(=O)CCCCC(=O)S*)c(C)c1C,44.80678229,,,,
926945718.0,*c1ccc2c(c1)C(CCCCCCCC)(CCCCCCCC)c1cc(-c3ccc4c(c3)C(CCCCCCCCCCCC)(CCCCCCCCCCCC)c3cc(*)ccc3-4)ccc1-2,37.51200969,,,,
933916766.0,*/C=C/*,59.5588378,,0.394,0.775000418,34.672905605
936419032.0,*Oc1ccc(OC(=O)c2ccc(OCCOc3ccc(C(*)=O)cc3)cc2)cc1C,68.01369706,,,,
948650769.0,*c1ccc(C(=O)NCCNC(=O)c2ccc(S(*)(=O)=O)cc2)cc1,205.0712987,,,,
949756192.0,*NNC(=O)c1ccc(NC(=O)c2cc(C(*)=O)cc(N3C(=O)c4c(Cl)c(Cl)c(Cl)c(Cl)c4C3=O)c2)cc1,133.1528291,,,,
950036559.0,*N=Nc1ccc(*)cc1,144.6951233,,,,
952776097.0,*C(=O)Oc1ccc(C(C)(C)c2ccc(OC(=O)c3ccc4c(c3)C(=O)N(c3ccc(-c5ccc(N6C(=O)c7ccc(*)cc7C6=O)c(C)c5)cc3C)C4=O)cc2)cc1,87.17702398,,,,
953356077.0,*Oc1ccc(Oc2ccc(C(=O)c3ccc(*)cc3)cc2)cc1CBr,98.31320425,,,,
954755494.0,*CCCCOC(=O)NCCSCCCCCSCCNC(=O)O*,3.000872148,,,,
954804864.0,*CC(CCl)(CCl)COC(=O)c1ccc(C(=O)O*)cc1,11.46555203,,,,
956860993.0,*CC(COc1ccc(C)cc1)O*,-55.31696784,,,,
961207214.0,*CCCCCCCCCCOc1cccc(OC(=O)c2ccc(C(=O)Oc3cccc(O*)c3)cc2)c1,20.92794041,,,,
966864975.0,*c1ccc(-c2nc3cc(-c4ccc5[nH]c(*)nc5c4)ccc3[nH]2)cc1,423.6341908,,,,
968949443.0,*c1ccc2c(c1)nc1c3cc4c(=O)n5c6cc(*)ccc6nc5c4cc3c(=O)n21,384.637936,,,,
975372229.0,*SC(=O)OCCCCOC(=O)SN1CC(C)N(*)CC1C,-30.512105,,,,
980661216.0,*CC(*)(OC(C)=O)c1ccc(OC(=O)CC)cc1,2.162388076,,,,
980966583.0,*C#Cc1cc(OC(COCCOCCOCCOC)COCCOCCOCCOC)c(C#Cc2cc(OCCOCCOCCOCCC(=O)O[Na])c(*)cc2OCCOCCOCCOCCC(=O)O[Na])cc1OC(COCCOCCOCCOC)COCCOCCOCCOC,-43.36051195,,,,
985685560.0,*c1ccc(-c2nc3cc(-n4c(=O)c5cc6c(=O)n(*)c(=O)c6cc5c4=O)ccc3[nH]2)cc1,456.35,,,,
998917125.0,*OC(CC(*)=O)C(Cl)Cl,110.2326669,,,,
1002421560.0,*OC(C)COC(=O)CCCCC(*)=O,-15.95518318,,,,
1003531277.0,*CC(*)C(=O)N1CC[N+](C)(CCCCCCCCCCCC)CC1,-81.38297384,,,,
1004048009.0,*=C=C=C(CCCCOC(=O)NC(=O)OCCCC)C(=*)CCCCOC(=O)NC(=O)OCCCC,27.51087357,,,,
1012389657.0,*CCOc1cccc(C(=O)OC(=O)c2cccc(O*)c2)c1,3.697542049,,,,
1029595953.0,*CCCCCCOc1ccc(C(=O)OC(=O)c2ccc(O*)cc2)cc1,64.73496741,,,,
1047211829.0,*Nc1ccccc1NC(=O)CCCCCCC(*)=O,71.92438381,,,,
1048177525.0,*CC(CCl)(CCl)COC(=O)CCCCC(=O)O*,2.83724036,,,,
1048219303.0,*Oc1ccc2c(c1)C(C)(C)CC2(C)c1ccc(Oc2ccc(C3(C)CC(C)(C)c4ccc(*)cc43)cc2)cc1,308.5311609,,,,
1048356010.0,*Oc1ccc(Oc2ccc(NC(=C(C#N)C#N)c3ccc(-c4ccc(C(Nc5ccc(*)cc5)=C(C#N)C#N)cc4)cc3)cc2)cc1,270.2905197,,,,
1050100593.0,*c1ccc(C(=O)Nc2ccc(NC(=O)c3ccc(-n4c(=O)c5sc6c(=O)n(*)c(=O)c6sc5c4=O)cc3)cc2)cc1,327.2441987,,,,
1051120785.0,*OC(=O)CCSCCC(*)=O,6.950276755,,,,
1057142863.0,*CCCCSCS*,1.410869343,,,,
1065659422.0,*Nc1ccc(Cc2ccc(NC(=O)Nc3ccc(CCc4ccc(NC(*)=O)cc4)cc3)cc2)cc1,183.1975298,,,,
1065912423.0,*c1ccc(Cc2ccc(N3C(=O)CC(Nc4ccc(NC5CC(=O)N(*)C5=O)cc4)C3=O)cc2)cc1,248.5034267,,,,
1065918379.0,*Oc1ccc(OC(=O)c2cc(NC(=O)c3ccc(NC(=O)C(C)N4C(=O)c5ccccc5C4=O)cc3)cc(C(*)=O)c2)cc1,58.7319127,,,,
1074560123.0,*CCCCCCCCNC(=O)CCC(=O)N*,69.22130195,,,,
1076149389.0,*CC(*)OC(=O)C(CC)(CC)CC,20.41787387,,,,
1076737435.0,*Oc1ccc(C(=O)Nc2ccc(NC(=O)c3ccc(*)cc3C(=O)O)cc2)c(C(=O)O)c1,216.6231471,,,,
1087567752.0,*C=C1CCC(=Cc2ccc(Sc3ccc(*)o3)o2)C1=O,102.2883172,,,,
1092542084.0,*c1ccc(-n2c(=O)c3c(F)c4c(=O)n(*)c(=O)c4c(F)c3c2=O)cc1,337.816724,,,,
1105455152.0,*C(=O)OCCOC(=O)N1CC(C)N(*)CC1C,60.10633691,,,,
1106240394.0,*C(=O)C1CC1C(=O)N1CCN(*)CC1,100.5840527,,,,
1108992243.0,*CC(=O)C(*)c1ccc(C)cc1,67.57313464,,,,
1110669170.0,*C(=O)c1ccc(N=Nc2ccc(C(=O)N3C(=O)N(*)C(c4ccccc4)(c4ccccc4)C3=O)cc2)cc1,183.844758,,,,
1111539989.0,*Cc1ccc(OCc2ccc(COc3ccc(*)c4cccnc34)cc2)c2ncccc12,200.3538526,,,,
1114536999.0,*CC(=O)OC(=O)c1ccc(C(=O)OC(=O)COc2ccc(O*)cc2)cc1,80.44433982,,,,
1118322325.0,*Cc1ccc(CNC(=O)CCCCCC(=O)N*)cc1,61.73836642,,,,
1128237994.0,*Nc1ccc(*)c(Cl)c1Cl,115.5762842,,,,
1132763612.0,*C=Cc1ccc(C=Cc2cc(*)ncn2)cc1,84.80053451,,,,
1132889582.0,*Oc1ccc(-c2ccc(OC(=O)c3cccc(Oc4ccc(C(*)=O)cc4)c3)cc2)cc1,89.5930824,,,,
1140194913.0,*CCCCCS*,-55.37860961,,,,
1143212466.0,*OC1CCC(OC(=O)CCCCCCC(*)=O)CC1,-35.83964331,,,,
1150491517.0,*Oc1ccc(C(c2ccc(Oc3ccc(C(=O)c4ccc(*)cc4)cc3)cc2)c2ccccc2C(=O)O[Na])cc1,169.1341304,,,,
1150855035.0,*CC(*)(C)C(=O)OCCCCCCOc1ccc(C(=O)Oc2ccc(OCCCCCC)cc2)cc1,14.67015775,,,,
1153274738.0,*C(=O)c1ccc(N=Nc2ccc(C(=O)N3C(=O)N(*)C4(CCCC4)C3=O)cc2)cc1,17.25361376,,,,
1159550508.0,*CCCCCCCCOC(=O)NCc1ccc(CNC(=O)O*)cc1,-25.31417235,,,,
1159981352.0,*Oc1ccc(Oc2ccc(C(C)=Nc3ccc(Oc4ccc(N=C(C)c5ccc(*)cc5)cc4)cc3)cc2)cc1,117.5082044,,,,
1160783446.0,*NC1CC(C)(C)CC(C)(CNC(=O)c2cc(NC(=O)c3ccc(NC(=O)C(CC(C)C)N4C(=O)c5ccccc5C4=O)cc3)cc(C(*)=O)c2)C1,195.2683571,,,,
1166293848.0,*NC(CCCCNC(=O)NCCCCNC(*)=O)C(=O)OC,0.336556425,,,,
1169677958.0,*CCCCCCOCO*,-41.68464364,,0.278,,
1173471549.0,*CC(*)C(=O)OCCN(C)S(=O)(=O)C(F)(F)C(F)(F)C(F)(F)C(F)(F)C(F)(F)C(F)(F)C(F)(F)C(F)(F)F,-148.0297376,,,,
1179190627.0,*c1ccc(*)n1C(C(=O)NO)n1ccc2ccccc21,180.3082327,,,,
1186143208.0,*CCCCOC(=O)CCCCCNC(=O)O*,47.28425166,,,,
1189744629.0,*CC1CC1COC(=O)c1cccc(C(=O)O*)c1,10.23490017,,,,
1197069937.0,*C*,-2.526682925,0.40967205,,0.811251102,24.4363295
1201052937.0,*CCCCCNC(=O)O*,-13.55087665,,0.268,1.071824251,20.62252342
1202816034.0,*Oc1ccc(C(C)=Cc2ccc(OC(=O)CCCCCCCCCCC(*)=O)cc2)cc1,6.458707655,,,,
1208726540.0,*CCCCCCNC(=O)/C=C/CC/C=C/C(=O)N*,2.127453311,,,,
1209928353.0,*CCCCCCCCOC(=O)NCCCCCCCCCCNC(=O)O*,24.78605928,,,,
1213234132.0,*COc1ccc(C=C2CCC(=Cc3ccc(OCc4nnc(-c5ccc(-c6ccc(-c7nnc(*)n7-c7ccccc7)cc6)cc5)n4-c4ccccc4)cc3)C2=O)cc1,140.326419,,,,
1218861482.0,*OC(C)CCOC(=O)c1cccc(C(*)=O)c1,-42.28619333,,,,
1220689198.0,*c1ccc(-c2ccc(*)nc2)cn1,138.2497069,,,,
1226489424.0,*c1ccc(Oc2ccc(N3C(=O)c4c(F)c(F)c(Oc5c(F)c(F)c(Oc6c(F)c(F)c7c(c6F)C(=O)N(*)C7=O)c(F)c5F)c(F)c4C3=O)cc2)cc1,283.2696326,,,,
1230182375.0,*C(=O)N1C(=O)N(C(=O)c2ccc3c(c2)C(=O)N(c2cccc(P(=O)(c4ccccc4)c4cccc(N5C(=O)c6ccc(*)cc6C5=O)c4)c2)C3=O)C(C)(C)C1=O,138.7903633,,,,
1242989659.0,*CCOCCOCCOC(=O)c1ccc(C(=O)O*)cc1,36.06576581,,,,
1244604743.0,*c1cc(O)c(O)cc1*,158.9171015,,0.183,0.986360805,13.85120498
1245052771.0,*c1ccc(NC(=O)c2cccc(C(=O)Nc3ccc(N4C(=O)c5ccc(Oc6ccc7c(c6)C(=O)N(*)C7=O)cc5C4=O)cc3)c2)cc1,155.8375326,,,,
1248950707.0,*CCC(=O)NCC(=O)N*,70.42884183,,,,
1257932675.0,*CC(*)OC(=O)CC(C)=O,9.819405608,,,,
1259156024.0,*C(=O)Nc1cccc(NC(=O)c2cccc(C(=O)Nc3cccc(N4C(=O)c5ccc(*)cc5C4=O)c3)c2)c1,213.4893774,,,,
1259746879.0,*C(=O)Nc1ccc(NC(=O)c2ccc3c(c2)C(=O)N(c2ccc(Oc4ccc(N5C(=O)c6ccc(*)cc6C5=O)cc4)cc2)C3=O)cc1,48.20867337,,,,
1261888727.0,*C(=O)c1ccc(C(=O)N(CCC)c2ccc(Cc3ccc(N(*)CCC)cc3)cc2)cc1,173.7390032,,,,
1267767457.0,*CCCCCCCC(=O)OCCOC(=O)CCCCCCCC1OCC(COCC2COC(*)O2)O1,-2.553202642,,,,
1268591883.0,*C(*)C(=O)OC(C)(C)C,12.73837737,,,,
1268903954.0,*CC1CCC(COC(=O)c2ccc(NC(=O)O*)cc2)CC1,148.8519878,,,,
1289453744.0,*N=P(*)(OCC(F)(F)C(F)(F)C(F)(F)F)OCC(F)(F)C(F)(F)C(F)(F)F,-77.91107652,,,,
1293239198.0,*=c1cc2ccc3cc(=c4c5ccccc5c(=*)c5ccccc45)cc4ccc(c1)c2c34,437.49,,,,
1294607317.0,*Oc1ccc(C(C)c2ccc(OC(=O)c3ccc(Oc4ccc(C(*)=O)cc4)cc3)cc2)cc1,76.95210942,,,,
1296755065.0,*c1ccc(*)nc1,322.0959561,,,,
1297972519.0,*CCCCCCCCCCCCCCCCC(=O)N*,15.38660594,,0.379,,
1300127001.0,*CC1(*)CC(=O)OC1=O,143.854555,,,,
1302563585.0,*OS(=O)(=O)c1ccc(Oc2ccc(S(=O)(=O)Oc3ccc(C4(c5ccc(*)cc5)CCCCC4)cc3)cc2)cc1,149.9071313,,,,
1308684557.0,*Oc1ccc(-n2on2-c2ccc(OC(=O)CCCCCCCCCCC(*)=O)cc2C)c(C)c1,50.67469492,,,,
1312487500.0,*NC(CC(=O)OCc1ccccc1)C(*)=O,70.10647363,,,,
1318838343.0,*Nc1ccc(NC(=O)C=CC(*)=O)cc1,115.1255691,,,,
1319410597.0,*Oc1cccc(OC(=O)c2cc(C(C)(C)C)c(OC(=O)c3ccc(C(=O)Oc4c(C(C)(C)C)cc(C(*)=O)cc4C(C)(C)C)cc3)c(C(C)(C)C)c2)c1,135.2011857,,,,
1321934906.0,*Oc1ccc(N=Nc2ccc(*)cc2)cc1,116.9759489,,,,
1330783970.0,*CCCCCCNC(=O)C(O)C(O)C(=O)N*,149.1553302,,,,
1332933153.0,*c1ccc([Si](*)(C)C)cc1,126.7080905,,,,
1336532550.0,*CCN(*)C(=O)CCC(F)(F)C(F)(F)C(F)(F)C(F)(F)C(F)(F)C(F)(F)F,-52.64825421,,,,
1342666772.0,*c1ccc(C(=O)c2ccc(-c3nc4cc(-c5ccc6nc(*)[nH]c6c5)ccc4[nH]3)cc2)cc1,300.9001313,,,,
1347977204.0,*CCOC(=O)CC(=O)O*,-90.52916041,,,,
1351618025.0,*CC(*)(C)C(=O)OCCOC(=O)c1cc(OC(=O)c2ccc(N=Nc3ccc(OCCCCCCC)cc3)cc2)cc(OC(=O)c2ccc(N=Nc3ccc(OCCCCCCC)cc3)cc2)c1,9.014452923,,,,
1362985746.0,*C=NN(CCCC)c1ccc(S(=O)(=O)c2ccc(N(CCCC)N=Cc3ccc4c(c3)c3cc(*)ccc3n4CC)cc2)cc1,139.604302,,,,
1363453372.0,*Oc1ccc(Oc2ccc(NC(=O)c3cc(C(=O)Nc4ccc(*)cc4)cc(N4C(=O)c5c(Cl)c(Cl)c(Cl)c(Cl)c5C4=O)c3)cc2)cc1,315.5911196,,,,
1366538369.0,*Oc1ccc(OC(=O)c2ccc(NC(=O)c3ccc(C(*)=O)cc3)cc2)cc1,176.5386789,,,,
1367879345.0,*CCSC(=O)CCCCC(=O)S*,-21.91188888,,,,
1369478865.0,*CC(*)S(=O)c1ccccc1,137.9705527,,,,
1370311648.0,*Oc1cccc(NC(=O)c2ccc(C(c3ccc(C(=O)Nc4ccc(*)cc4)cc3)(C(F)(F)F)C(F)(F)F)cc2)c1,157.6228264,,,,
1373519109.0,*CC(CCCCCCCCOc1ccc(C(=O)Oc2ccc(C(=O)OCC(C)CC)cc2)cc1)O*,-0.17829817,,,,
1377024014.0,*C(=O)NNC(=O)c1ccc(*)nc1,135.1836518,,,,
1387608181.0,*CC(*)CCCCCCCCCCCCCCCCCCCC,21.77937998,,0.4019999999999999,,
1387610033.0,*Nc1ccccc1NC(=O)c1ccc(C(*)=O)cc1,231.8080905,,,,
1387768222.0,*Oc1ccc(S(=O)(=O)c2ccc(Oc3ccc(C(C)(C)c4ccc(*)c([N-][N+]#N)c4)cc3[N-][N+]#N)cc2)cc1,181.1592195,,,,
1388694213.0,*CC(*)(F)C(=O)OCC(F)(F)C(F)(F)C(F)(F)C(F)(F)C(F)(F)C(F)(F)C(F)(F)F,-98.70472035,,,,
1392018017.0,*c1ccc2c(c1)C(=O)N(c1ccc(-c3ccc(-c4ccc(N5C(=O)c6ccc(C(*)(C(F)(F)F)C(F)(F)F)cc6C5=O)cc4)cc3)cc1)C2=O,302.652739,,,,
1408675476.0,*Oc1ccc(C(c2ccc(OC(=O)c3ccc(C(*)=O)cc3)cc2)(C(F)(F)F)C(F)(F)F)cc1,150.9011854,,,,
1414225049.0,*CC(*)C(=O)NCC,55.10481694,,,,
1415406733.0,*C(=O)CCCCC(=O)c1ccc(C=C2CCC(=Cc3ccc(*)cc3)C2=O)cc1,197.4539358,,,,
1424144967.0,*c1ccc(C(C)c2ccc(-n3c(=O)c4cc5c(=O)n(*)c(=O)c5cc4c3=O)cc2)cc1,307.2645731,,,,
1428459269.0,*CCCP(CCCNC(=O)N*)c1ccccc1,-49.19787298,,,,
1430519110.0,*C(=O)c1ccc(C(=O)c2ccc(C=C3CCCC(=Cc4ccc(*)cc4)C3=O)cc2)cc1,240.3798309,,,,
1439560323.0,*CCCC(=O)NCCCCCCNC(=O)CCCOC(=O)c1ccc(C(=O)O*)cc1,60.02078862,,,,
1441221742.0,*CCCOC(=O)CCCCCC(=O)O*,-71.28231613,,,,
1444841962.0,*c1ccc(Oc2ccc(-c3csc(N=Cc4ccc(OCCCCOc5ccc(C=Nc6nc(*)cs6)cc5OC)c(OC)c4)n3)cc2)cc1,104.0626058,,,,
1447445383.0,*Oc1ccc(C(C)(C)c2ccc(Oc3nc(*)nc(OC)n3)cc2)cc1,121.2094568,,,,
1450460730.0,*Oc1ccc(C(C)(CCC(=O)O)c2ccc(OC(=O)c3cccc(C(*)=O)c3)c([N+](=O)[O-])c2)cc1[N+](=O)[O-],127.0784722,,,,
1452233273.0,*CC(CCCC)(CCCC)C(=O)O*,-17.98562642,,,,
1453017209.0,*C=C(*)c1ccc([N+](=O)[O-])cc1,-12.60583746,,,,
1461036801.0,*C=C(*)CCCCCCCCCCOc1ccc(-c2ccc(OCC(F)CCCCCC)cc2)cc1,27.34580481,,,,
1463175891.0,*C([2H])([2H])C(*)(C([2H])([2H])[2H])C([2H])([2H])[2H],85.2671101,,,,
1463811998.0,*CCCCCCCCCCOC(=O)C(=O)O*,-65.08541819,,,,
1469266389.0,*CC(C)(C)COC(=O)NC1CCC(CC2CCC(NC(=O)O*)CC2)CC1,15.9792949,,,,
1473745481.0,*C1CCC1*,69.57488221,,0.163,0.823406686,14.41189122
1474070468.0,*Oc1c(C(C)(C)C)cc(C(*)=O)cc1C(C)(C)C,206.7951116,,,,
1476896117.0,*CC(*)c1ccccc1OC,160.10962,,0.1946666666666666,,
1479037928.0,*c1cc(Br)c(OC(=O)c2cccc(C(=O)Oc3c(Br)cc(C4(*)OC(=O)c5ccccc54)cc3Br)c2)c(Br)c1,245.9668197,,,,
1480445744.0,*Nc1ccc(NC(=O)c2ccc(NC(=O)C=Cc3ccc(C=CC(=O)Nc4ccc(C(*)=O)cc4)cc3)cc2)cc1,169.7759737,,,,
1481083200.0,*Oc1ccc(SSCCCCSSc2ccc(*)cc2)cc1,102.260186,,,,
1486442979.0,*CCC(O*)(C(F)(F)F)C(F)(F)F,-8.026293088,,,,
1491854107.0,*C=CCC(C)(CC*)C(=O)OC,-28.15217408,,,,
1500711821.0,*CCCCOC(=O)Cc1ccc(CC(=O)O*)cc1,-34.10658315,,,,
1504210048.0,*CCCCCCCCCCCCCCCCCCCCOC(=O)CCC(=O)O*,-32.76938912,,0.362,,
1504708152.0,*Cc1ccc(CN(C)C(=O)CCCCCCCCCCCCCCC(=O)N(*)C)cc1,-14.32362541,,,,
1504763552.0,*C#CC(Cn1c2ccc(CCCCCCCCCCCCCCCC)cc2c2cc(CCCCCCCCCCCCCCCC)ccc21)=C(*)Cn1c2ccc(CCCCCCCCCCCCCCCC)cc2c2cc(CCCCCCCCCCCCCCCC)ccc21,-2.237818484,,,,
1510186873.0,*C(=O)c1ccc2c(c1)C(=O)N(c1ccc(C(CCCCC)c3ccc(N4C(=O)c5ccc(*)cc5C4=O)cc3)cc1)C2=O,204.7640603,,,,
1515920130.0,*C(=O)NCCCCCCCCCCNC(=O)c1cccc(*)n1,49.59402876,,,,
1523715614.0,*CCCCCCCCCCNC(=O)c1ccc(C(=O)N*)cc1,50.1155014,,,,
1527614677.0,*CCCP(CCCNC(=O)CCCCCCCCC(=O)N*)c1ccccc1,56.20366062,,,,
1528389333.0,*CCCCCCCCCCNC(=O)CCCCCCCCC(=O)NCCCCCCCCCCNC(=O)C(=O)N*,82.2677155,,0.4125,0.955200662,21.885982
1528836681.0,*CCCCCCCCCCOC(=O)c1cccc(-c2cccc(C(=O)O*)c2)c1,8.531981028,,,,
1530902893.0,*Oc1cccc(Oc2ccc(Nc3ccc(Nc4ccc(Nc5ccc(Nc6ccc(*)cc6)cc5)cc4)cc3)cc2)c1C(=O)Nc1ccc(N=Nc2ccccc2)cc1,238.4094841,,,,
1531901492.0,*C(=O)N(*)CC=C,164.8639006,,,,
1538292595.0,*Oc1c(C(=O)Oc2ccc(OC(=O)c3ccc4ccccc4c3Oc3nc(*)nc(N4CCCCC4)n3)cc2)ccc2ccccc12,288.7077709,,,,
1543966603.0,*N=C1c2ccccc2C(=Nc2ccc(*)cc2)c2ccccc21,158.2579262,,,,
1547263064.0,*=CC#C[Si](C#CC=NN=*)(c1ccccc1)c1ccccc1,131.2577432,,,,
1558525027.0,*CCN(*)C(=O)c1ccc(C)cc1,87.3045689,,,,
1559096063.0,*c1ccc(*)n1C(C)C(=O)OC,279.4452403,,,,
1561282165.0,*c1ccc(Oc2ccc(S(=O)(=O)c3ccc(Oc4ccc(-c5c6c(c(*)c7ccccc57)C(=O)N(c5ccccc5F)C6=O)cc4)cc3)cc2)cc1,314.5599695,,,,
1562112815.0,*CCCCOc1ccc(C=C2CCC(=Cc3ccc(O*)c(OC)c3)C2=O)cc1OC,36.19808899,,,,
1562477562.0,*C=Cc1cc2c(cc1CCCCCC)c1cc(CCCCCC)c(*)cc1n2CCCCCCCC,45.45691415,,,,
1563279330.0,*/C=C/c1ccc(Oc2ccc(-c3ccc(-c4ccc(-c5ccc(Oc6ccc(/C=C/c7ccc8c(c7)c7cc(*)ccc7n8CC(CC)CCCC)cc6)c(C#N)c5)cc4)cc3)cc2C#N)cc1,129.2206103,,,,
1564587390.0,*c1ccc(-c2cc(Oc3ccc(S(=O)(=O)O[Na])cc3)c(*)cc2Oc2ccc(S(=O)(=O)O[Na])cc2)cc1,172.5717242,,,,
1567869573.0,*CCCC(*)Cl,-30.93658282,,,,
1568726838.0,*CCC(=O)OC(=O)CCc1ccc(*)n1C,78.11959859,,,,
1570200324.0,*C#Cc1cc(OCCCCCCCCCC)c(*)cc1OCCCCCCCCCC,61.85443636,,,,
1570654852.0,*CC(CC(*)(C#N)C(=O)OC)c1ccccc1,127.0156605,,0.176,0.987197772,16.39022868
1580898665.0,*c1ccc(-c2ccc(-n3c(=O)c4cc5c(=O)n(*)c(=O)c5cc4c3=O)c(C)c2)cc1C,271.2577887,,,,
1581749502.0,*C(C)C(=O)N1C(=O)N(C(=O)C(C)n2c(=O)c3cc4c(=O)n(*)c(=O)c4cc3c2=O)C(=O)C1(C)C,252.5865186,,,,
1583167273.0,*Oc1ccc(Oc2ccc(Oc3ccc(-c4ccc(Oc5ccc(Oc6ccc(Oc7ccc(C(=O)c8ccc(*)c(S(=O)(=O)O)c8)cc7S(=O)(=O)O)cc6)cc5)cc4)cc3)cc2)cc1,151.7193386,,,,
1583954692.0,*C#CC#Cc1ccc2c3ccc(*)cc3n(CCCCCCCCCCCCCCCC)c2c1,68.35869686,,,,
1601240060.0,*C(=O)c1ccc2c(c1)C(=O)N(c1ccc(-c3ccc(-c4ccc(N5C(=O)c6ccc(*)cc6C5=O)cc4)cc3)cc1)C2=O,232.2309602,,,,
1601398939.0,*CCCCSC(=O)NCCCCCCNC(=O)S*,-33.13797704,,,,
1611681441.0,*CCC(C)=C(*)C,46.49641909,,,,
1612493686.0,*c1ccc(*)n1CC,112.6054346,,,,
1623779443.0,*c1ccc(Oc2ccc(-c3csc(NC(=O)Nc4ccc(Cc5ccc(NC(=O)Nc6nc(*)cs6)cc5)cc4)n3)cc2)cc1,221.6298798,,,,
1623821086.0,*Nc1ccc(NC(=O)c2cc(C(*)=O)c(C(=O)O)cc2C(=O)O)cc1S(=O)(=O)O[Na],129.970858,,,,
1638121977.0,*CCOC(=O)CC(=CC(=O)O*)c1ccc(OCC)cc1,1.131191733,,,,
1640191566.0,*OCCOc1cc(*)nc2ccc(C)cc12,88.77435741,,,,
1640937510.0,*c1ccc(Nc2cc(CCCCCCCC)c(*)s2)cc1,49.50827798,,,,
1641687238.0,*CCCCOC(=O)NC1CC1NC(=O)O*,47.31586772,,,,
1645801286.0,*Oc1ccc(N=Cc2ccc(OC(=O)CCCCC(=O)Oc3ccc(C=Nc4ccc(*)cc4)cc3OC)c(OC)c2)cc1,47.38250675,,,,
1652549742.0,*Oc1ccc(OC(=O)Oc2ccc(OC(*)=O)cc2)cc1C,120.5520321,,,,
1653539066.0,*CCCCCCNC(=O)NCCCCNC(=O)N*,60.10434296,,,,
1656589637.0,*Nc1c(C)c(C)c(NC(=O)c2ccc(C(*)=O)cc2)c(C)c1C,205.6552433,,,,
1657554335.0,*Oc1ccc(OC(=O)c2ccc(C(*)=O)cc2-c2ccccc2)cc1,227.700588,,,,
1663220707.0,*C1C=CC(*)CC1,103.377349,,,,
1678768525.0,*C(=O)Oc1ccc(C2(c3ccc(OC(=O)c4ccc5c(c4)c4cc(*)ccc4n5C)cc3)OC(=O)c3ccccc32)cc1,262.5942508,,,,
1693140082.0,*O[Si](*)(C)CCC(F)(F)C(F)(F)C(F)(F)C(F)(F)C(F)(F)C(F)(F)F,-68.87734458,,,,
1701758700.0,*NC(c1ccccc1)C(C)(C)C(*)=O,154.3595069,,,,
1704241791.0,*Oc1ccc2c(c1)nc1c3cc4c(=O)n5c6cc(*)ccc6nc5c4cc3c(=O)n21,416.53,,,,
1704546800.0,*Nc1cc(NC(=O)c2cccc(C(*)=O)c2)cc(C(=O)Nc2ccccc2)c1,233.599405,,,,
1706654876.0,*CCc1c(Cl)c(Cl)c(*)c(Cl)c1Cl,56.1987128,,,1.40293716,22.58883992
1710475458.0,*c1ccc(-c2ccc(S(*)(=O)=O)cc2)cc1,229.0539301,,,,
1715886560.0,*Oc1ccc(C=C2CCCC(=Cc3ccc(OC(=O)c4ccc(C(*)=O)cc4)c(OC)c3)C2=O)cc1OC,105.2246285,,,,
1718419889.0,*NC(CO)C(*)=O,84.57547927,,,,
1721517021.0,*=Cc1ccc(C2=CSC(=*)S2)cc1,105.3372816,,,,
1725259416.0,*c1ccc(-c2c(-c3ccc(-c4ccccc4)cc3)cc(-c3ccc(-c4cc(-c5ccc(-c6ccccc6)cc5)c(-c5ccc(-n6c(=O)c7cc8c(=O)n(*)c(=O)c8cc7c6=O)cc5)c(-c5ccc(-c6ccccc6)cc5)c4)cc3)cc2-c2ccc(-c3ccccc3)cc2)cc1,435.0,,,,
1732679124.0,*CCCCCCCCc1nnc(*)o1,-48.88416733,,0.324,,
1734361691.0,*Cc1ccc(COC(=O)CCCCC(=O)O*)cc1,-4.158432897,,,,
1738001334.0,*OS(=O)(=O)c1cccc(S(=O)(=O)Oc2cccc(*)c2)c1,29.19231194,,,,
1738997335.0,*CCN(CCCCOc1ccc(N=Nc2ccc(CCCCCC)cc2)cc1)CCOC(=O)c1ccc(C(=O)O)c(C(=O)Nc2ccc(C(C)(C)c3ccc(C(C)(C)c4ccc(NC(=O)c5ccc(C(=O)O*)cc5C(=O)O)cc4)cc3)cc2)c1,82.18427933,,,,
1749688285.0,*c1ccc2c(c1)-c1nc3cc(Oc4ccc5c(c4)nc4n5C(=O)c5cc(C(*)(C(F)(F)F)C(F)(F)F)ccc5-4)ccc3n1C2=O,395.15,,,,
1751469406.0,*CC(F)(F)C(F)(F)C(F)(F)CN(CC)C(=O)CCCCC(=O)N(*)CC,10.59395774,,,,
1766008027.0,*Nc1c([2H])c([2H])c(*)c([2H])c1[2H],235.370823,,,,
1777622609.0,*CC(*)C(=O)OC(C)CC(C)C,11.47675289,,0.207,0.905312834,11.11375504
1779122339.0,*c1ccc(Oc2ccc(-c3nc4ccc(S(=O)(=O)c5ccc6nc(*)[nH]c6c5)cc4[nH]3)cc2)cc1,315.1120806,,,,
1784177503.0,*Oc1cccc(OC(=O)Oc2ccc(OC(*)=O)cc2)c1,-104.3379932,,,,
1799502171.0,*C#CC(CCCCOC(=O)NCCCCCC)=C(*)CCCCOC(=O)NCCCCCC,5.219913288,,,,
1804735174.0,*c1cc(OC)c(*)cc1OC,63.90036252,,,,
1806857427.0,*CCc1ccc(CCNC(=O)CCCCCCCCCCCCCCC(=O)N*)cc1,65.25488595,,,,
1807042238.0,*CCCCCC(=O)Oc1ccc(-c2ccc(OC(=O)CCCCCn3c(=O)c4cc5c(=O)n(*)c(=O)c5cc4c3=O)cc2)cc1,60.41501019,,,,
1809093717.0,*CCP(Cl)(Cl)=Nc1ccc(N=P(*)(Cl)Cl)cc1,-27.34500252,,,,
1809467126.0,*/C=C/c1ccc(Oc2ccc(-c3ccc(-c4ccc(-c5ccc(Oc6ccc(/C=C/c7ccc8c(c7)c7cc(*)ccc7n8CC(CC)CCCC)cc6)c(C(F)(F)F)c5)cc4)cc3)cc2C(F)(F)F)cc1,187.4626146,,,,
1809480718.0,*C(C)=C(*)[Si](C)(C)CC,157.1009863,,,,
1815220094.0,*Oc1ccc(S(=O)(=O)c2ccc(Oc3ccc(C(C)(C)c4ccc(*)cc4)cc3)cc2)c([N-][N+]#N)c1,196.3053138,,,,
1819092687.0,*Oc1ccc(NC(=O)NCCCCCCNC(*)=O)cc1,122.4088725,,,,
1823366229.0,*Oc1ccc(C(C)(CC)c2ccc(OC(=O)c3cccc(C(*)=O)c3)cc2)cc1,194.1629808,,,,
1828453397.0,*C(=O)OCCN(CCOC(=O)c1ccc2c(c1)C(=O)N(c1ccc(N3C(=O)c4ccc(*)cc4C3=O)cc1)C2=O)c1ccc(N=Nc2ccc([N+](=O)[O-])cc2)cc1,145.3751112,,,,
1833216472.0,*Oc1ccc(Oc2ccc(C(=O)Nc3ccc(Oc4ccc(-c5ccc(Oc6ccc(NC(=O)c7ccc(*)cc7)cc6)cc5)cc4)cc3)cc2)cc1,165.0428244,,,,
1835545898.0,*CCc1ccc(*)c2cccnc12,70.93028064,,,,
1837160865.0,*OC(=O)CCCCCCCC(*)=O,-68.69432556,,,,
1837801743.0,*Oc1ccc(OC(=O)c2ccc(OC(=O)c3ccc(C(=O)Oc4ccc(C(*)=O)cc4)cc3)cc2)cc1C,81.15934241,,,,
1838148916.0,*NC(CCC(=O)OCCCCCCCCCCCC)C(*)=O,30.09586697,,,,
1844857669.0,*Oc1ccc2c(c1)C(c1ccc(N(c3ccccc3)c3ccccc3)cc1)(c1ccc(N(c3ccccc3)c3ccccc3)cc1)c1cc(Oc3ccc(-c4c5ccccc5c(-c5ccc(*)cc5)c5ccc(CCC)cc45)cc3)ccc1-2,187.3941077,,,,
1845526826.0,*OC(c1ccccc1)C(C)(C)C(*)=O,65.42132156,,,,
1849381724.0,*CC(*)OCCC,-17.16506937,,,,
1865362645.0,*CCCCCCCCCCOC(=O)CCCCS(=O)(=O)CCCCC(=O)O*,37.87494117,,0.278,,
1868650247.0,*Oc1ccccc1C(=O)Oc1ccc(OC(=O)c2ccccc2Oc2nc(*)nc(N(CC)c3ccccc3)n2)cc1,146.7365026,,,,
1869415100.0,*CCCCCCOc1ccc(C(=O)Nc2ccc(-c3ccc(NC(=O)c4ccc(O*)cc4)c(Cl)c3)cc2Cl)cc1,133.9866306,,,,
1873866400.0,*CCN1C(=O)C(=CC=C2SC(=S)N(*)C2=O)SC1=S,164.0140939,,,,
1877161213.0,*Cc1cc(*)c(O)cc1C,12.40187977,,,,
1881954049.0,*c1ccc2c(c1)-c1cc(-c3nc4cc(-c5ccc6[nH]c(*)nc6c5)ccc4[nH]3)ccc1S2(=O)=O,355.5073659,,,,
1889222328.0,*Nc1cc(SCCC#N)c(NC(=O)c2ccc(C(*)=O)cc2)cc1SCCC#N,214.7483216,,,,
1894241731.0,*c1ccc(-c2ccc(-c3ccc4c(c3)C(=O)N(c3ccc(Oc5ccc(N6C(=O)c7ccc(*)cc7C6=O)cc5)cc3)C4=O)cc2)cc1,357.2965065,,,,
1896863943.0,*CC(*)C(=O)NCCCC,-84.72234668,,0.252,0.938352718,11.69729541
1901480658.0,*CCCCOC(=O)NCCCCCCNC(=O)OCCCCOc1ccc(N=Cc2ccc(C(=O)Oc3ccc(C=Nc4ccc(O*)cc4)cc3)cc2)cc1,-34.25655466,,,,
1905216047.0,*Oc1ccc(Oc2ccc(NC(=O)c3ccc(C(=O)Nc4ccc(*)cc4)cc3)cc2)cc1,203.5999878,,,,
1911963342.0,*CC(*)C(=O)n1sc2ccccc2c1=O,48.67425788,,,,
1917841461.0,*CCC(=O)N(CCN(C(=O)CCN1CCN(*)CC1)C(C)C)C(C)C,-43.71593166,,,,
1919732272.0,*CCCOC(=O)c1ccc(NC(=O)CCCCC(=O)Nc2ccc(C(=O)O*)cc2)cc1,83.99780359,,,,
1922704516.0,*c1cc(N=Nc2ccc([N+](=O)[O-])cc2)cc(*)c1O,165.6801535,,,,
1926476264.0,*=c1cc2ccc3cc(=c4oc(=*)c5ccc6cccc7c8cccc9ccc4c(c98)c5c67)cc4ccc(c1)c2c34,432.43,,,,
1930079807.0,*c1cc(CC(=O)OCCCCCCCC)c(*)[nH]1,-4.076963699,,,,
1932564704.0,*=C=C=C(COC(=O)NCC)C(=*)COC(=O)NCC,172.0633872,,,,
1933529441.0,*C=NCCN=Cc1ccc(Sc2ccc(*)o2)o1,95.6213855,,,,
1933712132.0,*c1ccc([Si](C)(C)c2ccc([SiH](*)C)s2)s1,60.04219897,,,,
1933820661.0,*CCCCCCCCCNC(=O)CCCCCCCC(=O)N*,9.904824538,,0.361,0.944002177,22.95997032
1933889140.0,*Oc1ccc(OC(=O)c2cc(OCCCCCCCCCCCCCCCC)c(C(*)=O)cc2OCCCCCCCCCCCCCCCC)cc1,77.98044592,,,,
1949514946.0,*Nc1ccc(NC(=O)C2CC(C(CC(=O)O)C(*)=O)C=C(C)C2C(=O)O)cc1,149.7687276,,,,
1949823161.0,*Oc1ccc(C=Nc2ccc(N=Cc3ccc(OC(=O)CCCCC(*)=O)c(OC)c3)cc2)cc1OC,-41.85748469,,,,
1950874064.0,*CC(*)C(=O)N(CC)CC,56.77009786,,,,
1952404953.0,*C(=O)c1ccc2c(c1)C(=Nc1cccc(N=C3OC(=O)c4ccc(*)cc43)c1)OC2=O,246.6584182,,,,
1960180963.0,*c1ccc(Oc2ccc(N3C(=O)CC(Oc4ccc(C=Nc5ccc(OC6CC(=O)N(*)C6=O)cc5)cc4)C3=O)cc2)cc1,154.6342574,,,,
1965690727.0,*CCCCCCCCCCOC(=O)c1cccc(NC(=O)O*)c1,45.09440244,,,,
1969083594.0,*CCOC(=O)NCCNC(=O)O*,5.896093021,,,,
1969287325.0,*Oc1ccc(OC(=O)c2ccccc2C=Cc2ccc(C=Cc3ccccc3C(*)=O)cc2)cc1,86.85824281,,,,
1971749373.0,*Oc1ccc(C(*)=O)cc1CCCCCC,85.05865655,,,,
1975447756.0,*CCOC(=O)c1ccc(NC(=O)CCCCCCCCCCC(=O)Nc2ccc(C(=O)O*)cc2)cc1,14.08686284,,,,
1980536603.0,*CCc1ccc(-n2on2-c2ccc(CCOC(=O)CCCCCCC(=O)O*)cc2)cc1,17.91289325,,,,
1982249582.0,*C#CC(CCCCOC(=O)NCCC)=C(*)CCCCOC(=O)NCCC,40.70123878,,,,
1992987283.0,*CC(=O)NNC(=O)c1ccc(C(=O)NNC(=O)CN2C(=O)c3ccc(C(c4ccc5c(c4)C(=O)N(*)C5=O)(C(F)(F)F)C(F)(F)F)cc3C2=O)cc1,226.7602549,,,,
1995858685.0,*NC(C)CNC(=O)NCCCCCCNC(*)=O,55.35434565,,,,
1999832779.0,*Oc1ccc(S(=O)(=O)c2cccc3c(S(=O)(=O)c4ccc(Oc5c(C)cc(-c6cc(C)c(*)c(C)c6C)c(C)c5C)cc4)cccc23)cc1,300.6954413,,,,
2003072511.0,*Nc1ccc(NC(=O)c2cc(C(*)=O)cc(C(F)(F)C(F)(F)C(F)(F)C(F)(F)F)c2)cc1,235.6895845,,,,
2003251624.0,*Oc1ccc(OC(=O)c2ccc(OC(=O)c3ccc(C(=O)Oc4ccc(C(=O)Oc5ccc(OC(=O)c6cccc(C(*)=O)c6)cc5)cc4)cc3)cc2)cc1,119.4238893,,,,
2005402308.0,*CC(C)(C)COC(=O)CCCCCCCC(=O)O*,17.01342593,,,,
2006821254.0,*Oc1ccc(OC(*)=O)cc1,105.0499992,,,,
2008537603.0,*C=C(*)c1ccccc1,66.12991425,,,,
2011509747.0,*c1ccc(C=C2CCCC(=Cc3ccc(-c4csc(NC(=O)NCCCCCCNC(=O)Nc5nc(*)cs5)n4)cc3)C2=O)cc1,47.02441211,,,,
2013412684.0,*Nc1ccc(NC(=O)c2cc(SCCCCCCCC)c(C(*)=O)cc2SCCCCCCCC)cc1,69.67482713,,,,
2015550348.0,*C(=O)c1ccc(C(=O)N(CC)c2ccc(-c3ccc(N(*)CC)cc3)cc2)cc1,62.56896406,,,,
2015647676.0,*CCCCCCCCCCCCOC(=O)c1ccc(NC(=O)CCCCCCCCCCC(=O)Nc2ccc(C(=O)O*)cc2)cc1,-26.12929226,,,,
2030717926.0,*CCCCCCC(=O)NCCCCCCNC(=O)CCCO*,1.467345964,,,,
2030734021.0,*Oc1ccc(NC(=O)c2c(F)c(F)c(C(=O)Nc3ccc(*)cc3)c(F)c2F)cc1,168.6168885,,,,
2038784698.0,*Nc1ccc(*)cc1CC,162.1855704,,,,
2042324873.0,*C=C(*)c1nc2ccccc2n1C,-6.104199835,,,,
2049185141.0,*NC(CC(*)=O)c1ccccc1,-30.79261317,,,,
2049722638.0,*c1ccc(-c2ccc(-c3nc4cc5sc(*)nc5cc4s3)cc2)cc1,343.9030515,,,,
2050550943.0,*C#CC(CCCCOC(=O)NCC(=O)OCCCC)=C(*)c1cncnc1,73.99227071,,,,
2053127764.0,*C(=O)NCCC[Si](C)(C)O[Si](C)(C)CCCNC(=O)c1ccc2c(c1)C(=O)N(c1ccc(Oc3ccc(N4C(=O)c5ccc(*)cc5C4=O)cc3)cc1)C2=O,143.0502256,,,,
2053842039.0,*C=Nc1ccc(N=Cc2cccc(*)n2)cc1,139.1234551,,,,
2055219346.0,*Oc1ccc(-c2ccc(OC(=O)c3ccc(C(*)=O)cc3Oc3ccc(C(C)(C)c4ccccc4)cc3)cc2)cc1,135.0490958,,,,
2055325406.0,*C#CC(OS(=O)(=O)c1ccc(C)cc1)=C(*)OS(=O)(=O)c1ccc(C)cc1,164.1018919,,,,
2063026043.0,*c1ccc(-c2ccc(C(*)(C)C)cc2)cc1,210.9469969,,0.247,0.952850626,21.2582938
2065153152.0,*Nc1cc(OC)c(*)cc1OC,168.2573371,,,,
2066262373.0,*CC1CCCC(CNC(=O)CCCCCCCCCCC(=O)N*)C1,26.18556129,,,,
2066820207.0,*c1ccc(Oc2ccc(Oc3ccc(N4C(=O)c5ccc(Oc6ccc(Oc7ccc8c(c7)C(=O)N(*)C8=O)cc6)cc5C4=O)cc3)cc2)cc1,191.2304459,,,,
2067484299.0,*CC(*)C(=O)NCCCCCCCCCCCC,21.73577755,,0.3435,0.870895681,11.87004823
2068351519.0,*Oc1ccc(C(=O)CCCCCCCCC(=O)c2ccc(OC(*)=O)cc2)cc1,6.568396994,,,,
2074481050.0,*C=CC(C)C(*)C,78.17880502,,,,
2077226118.0,*C(=O)c1ccc2c(c1)C(=O)N(c1ccc(Oc3ccc(Oc4ccc(Oc5ccc(N6C(=O)c7ccc(*)cc7C6=O)cc5)cc4)cc3)cc1)C2=O,126.2551791,,,,
2080041266.0,*=Nc1cccc(Oc2cccc(Oc3cccc(N=C4OC(=O)c5ccc(-c6ccc7c(c6)C(=O)OC7=*)cc54)c3)c2)c1,193.7356518,,,,
2095077077.0,*CCCCC(=O)NCCCCCCNC(=O)CCCCO*,-56.49395983,,,,
2112160292.0,*CC(*)(OC(C)=O)c1ccc(OC(C)=O)cc1,74.85696518,,,,
2116365788.0,*Nc1cc(SCCC#N)c(NC(=O)c2cccc(C(*)=O)c2)cc1SCCC#N,38.16065966,,,,
2117950580.0,*c1ccc(C2C(C(=O)OCC)C(*)C2C(=O)OCC)cc1,164.3224631,,,1.011107838,16.56532099
2124040823.0,*Oc1ccc(C=Cc2ccc(C=Cc3ccc(OC(=O)CCCCCCCCC(*)=O)c(C)c3)cc2)cc1C,35.47523522,,,,
2130807414.0,*CC(*)C(=O)OCC1(C)COC(C)(C)OC1,95.74104893,,,,
2147435020.0,*C=C(*)c1ccccc1C,261.6623551,,,,
,*=Nc1ccc(N=C(C)Nc2ccc(-c3ccc(NC(=*)C)c(C(=O)O)c3)cc2C(=O)O)cc1,89.38045943,,,,
,*C(=O)OC(=O)COc1ccc(OCC(=O)OC(=O)c2ccc(*)nc2)cc1,155.9709567,,,,
,*C(=O)c1ccc(C(=O)c2ccc(C=C3CCC(=Cc4ccc(*)cc4)C3=O)cc2)cc1,192.2096838,,,,
,*C=C(*)c1ccc(OCCCCCC(=O)Oc2c(F)c(F)c(F)c(F)c2F)cc1,73.83198457,,,,
,*C=CC1C=CC(*)c2ccc(CCCCCC)cc21,9.70407322,,,,
,*CC#CC#CCOc1ccc(C(C)(C)c2ccc(O*)cc2)cc1,48.046331,,,,
,*CC(CCCCCCOc1ccc(-c2ccc(C#N)cc2)cc1)COC(=O)N(C)c1ccc(N(C)C(=O)O*)cc1,78.11061669,,,,
,*CC1CCCC(*)(CO)C1=O,71.70468573,,,,
,*CCC(=O)NNC(=O)c1cccc(C(=O)NNC(=O)c2cccc(O*)c2)c1,234.2133464,,,,
,*CCCC(=O)NCc1ccc(CNC(=O)CCCOC(=O)c2ccc(C(=O)O*)cc2)cc1,53.55726117,,,,
,*CCCCCCCCCCOc1ccc(C=Cc2ccc(OCCCCCCCCCCOP(=O)(O*)OCCCCCCCCCCOc3ccc(N=Nc4ccc(C)cc4)cc3)cc2)cc1,5.81702489,,,,
,*CCCCCCCCCCOc1ccc(C=Cc2ccc(OCCCCCCCCCCOP(=O)(O*)OCCCCCCCCCCOc3ccc(N=Nc4ccc(F)cc4)cc3)cc2)cc1,-7.2122695,,,,
,*CCCCCCCOc1ccc(C=CC=Cc2ccc(O*)c(C)c2)cc1C,41.89270134,,,,
,*CCCCCCOC(=O)c1ccc(S(=O)(=O)CCCCCCS(=O)(=O)c2ccc(C(=O)O*)cc2)cc1,35.86441642,,,,
,*CCCCSSC(=O)N(C)c1ccc(Cc2ccc(N(C)C(=O)SS*)cc2)cc1,20.68923822,,,,
,*CCCCc1nc2cc(NC(=NO)C(=NO)Nc3ccc4nc(*)[nH]c4c3)ccc2[nH]1,170.1130329,,,,
,*CCNC(=O)c1ccc(C(=O)NCCOC(=O)c2cccc(C(=O)O*)c2)cc1,121.124261,,,,
,*CCNC(=S)C=Cc1ccc(Cc2ccc(C=CC(=S)N*)cc2)cc1,99.87529352,,,,
,*Cc1cc(C=O)c(O)c(Cc2cc(C=O)c(O)c(CNC(=O)NC(=O)N*)c2)c1,190.6072154,,,,
,*Cc1ccc(COC(=O)c2ccccc2C(=O)O*)cc1,95.33964688,,,,
,*Cc1ccc(CSC(=O)Nc2ccc(Cc3ccc(NC(=O)S*)cc3)cc2)cc1,90.77725081,,,,
,*Cc1ccc2nc(-c3cc(-c4nc5ccc(*)cc5c(=O)o4)cc(N4C(=O)c5c(Cl)c(Cl)c(Cl)c(Cl)c5C4=O)c3)oc(=O)c2c1,378.8956296,,,,
,*N=C1C=CC(=NC2=CC(=O)C(*)=CC2=O)C=C1,212.9967182,,,,
,*N=Cc1ccc(C=Nc2sc(*)c(C#N)c2C#N)cc1,204.4271705,,,,
,*Nc1cc(NC(=O)c2cc(OCCN(C)c3ccc(S(=O)(=O)C(F)(F)C(F)(F)C(F)(F)C(F)(F)C(F)(F)C(F)(F)C(F)(F)C(F)(F)F)cc3)cc(C(*)=O)c2)cc(C(=O)OCCN(C)c2ccc(S(=O)(=O)C(F)(F)C(F)(F)C(F)(F)C(F)(F)C(F)(F)C(F)(F)C(F)(F)C(F)(F)F)cc2)c1,172.7344272,,,,
,*Nc1ccc(NC(=O)c2cc(NC(=O)C(CCSC)N3C(=O)c4ccccc4C3=O)cc(C(*)=O)c2)cc1,230.3191562,,,,
,*OC(C)CCC(C)OC(=O)Nc1ccc(Cc2ccc(NC(*)=O)cc2)cc1,63.5893379,,,,
,*OS(=O)(=O)c1ccc(S(=O)(=O)c2ccc(S(=O)(=O)Oc3ccc(S(=O)(=O)c4ccc(*)cc4)cc3)cc2)cc1,194.2678014,,,,
,*OS(=O)(=O)c1ccc(Sc2ccc(S(=O)(=O)Oc3ccc(C4(c5ccc(*)cc5)CCCCC4)cc3)cc2)cc1,157.8104834,,,,
,*Oc1c(C(=O)Nc2ccc(NC(=O)c3ccc4ccccc4c3Oc3nc(*)nc(N4CCCCC4)n3)cc2)ccc2ccccc12,162.6671353,,,,
,*Oc1c([2H])c([2H])c(C(c2c([2H])c([2H])c(OC(*)=O)c([2H])c2[2H])(C([2H])([2H])[2H])C([2H])([2H])[2H])c([2H])c1[2H],230.9913822,,,,
,*Oc1cc(OC(=O)c2ccc(C=Nc3ccc(OCCCCCCOc4ccc(N=Cc5ccc(C(*)=O)cc5)cc4Cl)c(Cl)c3)cc2)c(Cl)cc1Cl,82.06188226,,,,
,*Oc1ccc(C(=O)CNc2ccc(NCC(=O)c3ccc(*)cc3)cc2)cc1,158.6944649,,,,
,*Oc1ccc(C(=O)OCCCCOC(=O)c2ccc(OC(=O)c3ccc(C(*)=O)cc3)cc2)cc1,68.79315579,,,,
,*Oc1ccc(C(C)(CCCC)c2ccc(OC(*)=O)cc2)cc1,118.8361345,,,,
,*Oc1ccc(CNC(=O)CCCCCCC(=O)NCc2ccc(OC3COC4C(*)COC34)cc2)cc1,21.58173134,,,,
,*Oc1ccc2c(c1)nc1n2C(=O)c2ccc(Oc3ccc4c(c3)C(=O)n3c-4nc4ccc(*)cc43)cc2-1,291.281809,,,,
,*Oc1ccc2cc(C(=O)Oc3ccccc3OC(=O)c3ccc4cc(Oc5nc(*)nc(N6CCN(C)CC6)n5)ccc4c3)ccc2c1,54.90728348,,,,
,*Oc1cccc(OC(=O)c2ccc(C=Nc3ccc(OCCCCCCOc4ccc(N=Cc5ccc(C(*)=O)cc5)cc4)cc3)cc2)c1,83.83402436,,,,
,*c1cc(CCCCCC(F)(F)C(F)(F)C(F)(F)C(F)(F)F)c(-c2cc(CCCCCCCC)c(*)s2)s1,6.47608023,,,,
,*c1cc(CCCCCC)c(C=Cc2sc(C=Cc3sc(-c4ccc(*)c5nsnc45)cc3CCCCCC)c(CCCCCC)c2CCCCCC)s1,17.9542177,,,,
,*c1ccc(*)c2nccnc12,216.378732,,,,
,*c1ccc(-c2ccc(N3C(=O)c4ccc(-c5ccc6c(c5)C(=O)N(*)C6=O)cc4C3=O)cc2)cc1,421.9822435,,,,
,*c1ccc(C(=O)CNc2ccc(NCC(=O)c3ccc(S(*)(=O)=O)cc3)cc2)cc1,198.9026743,,,,
,*c1ccc2c(c1)C(=O)N(c1c(F)c(F)c(N3C(=O)c4ccc(C(*)(C(F)(F)F)C(F)(F)F)cc4C3=O)c(F)c1F)C2=O,388.0137456,,,,
,*c1cccc(N2C(=O)c3ccc(Oc4ccc5c(c4)C(C)(c4ccc(Oc6ccc7c(c6)C(=O)N(c6cccc(N8C(=O)c9ccc(Oc%10ccc(C%11(C)CC(C)(C)c%12cc(Oc%13ccc%14c(c%13)C(=O)N(*)C%14=O)ccc%12%11)cc%10)cc9C8=O)c6)C7=O)cc4)CC5(C)C)cc3C2=O)c1,231.956044,,,,
